{
    "neck_diameter_1": 25.88640319013199,
    "neck_diameter_2": 24.505909760750512,
    "max_diameter": 58.330912893981946,
    "distal_diameter": 31.0578586149366
}