{
    "neck_diameter_1": 20.699610275154996,
    "neck_diameter_2": 22.812683666657893,
    "max_diameter": 42.97346902096342,
    "distal_diameter": 15.53512169534713
}