{
    "neck_diameter_1": 22.22946055499666,
    "neck_diameter_2": 26.50184270367749,
    "max_diameter": 46.14108907943041,
    "distal_diameter": 16.152012313010424
}