{
    "neck_diameter_1": 22.811289013326448,
    "neck_diameter_2": 21.574374676604236,
    "max_diameter": 55.346398919961445,
    "distal_diameter": 23.706348205733093
}